id;advertisement_expenses;expenses;income;date;business_id
1;18360;77504;72513;2020-01-01;1
2;23246;60541;549306;2020-02-01;1
3;9012;46486;498170;2020-03-01;1
4;16605;37269;196226;2020-04-01;1
5;9454;20167;513330;2020-05-01;1
6;12956;74808;302677;2020-01-01;2
7;1286;68770;276153;2020-02-01;2
8;17561;97758;215100;2020-03-01;2
9;24245;27319;990323;2020-04-01;2
10;24456;66477;240020;2020-05-01;2
11;2977;85845;768834;2020-01-01;3
12;7152;84469;245321;2020-02-01;3
13;21547;82896;238452;2020-03-01;3
14;20654;99880;610240;2020-04-01;3
15;6011;36697;860706;2020-05-01;3
16;12113;18252;201143;2020-01-01;4
17;5727;89481;504828;2020-02-01;4
18;11433;62904;342172;2020-03-01;4
19;9815;87717;624283;2020-04-01;4
20;21451;28675;298032;2020-05-01;4
21;456;82831;394464;2020-01-01;5
22;9940;82052;918018;2020-02-01;5
23;20863;15957;655153;2020-03-01;5
24;23597;75734;765198;2020-04-01;5
25;20473;20966;104913;2020-05-01;5
26;5984;13923;133159;2020-01-01;6
27;11431;19882;222799;2020-02-01;6
28;2064;75867;980009;2020-03-01;6
29;19218;30255;678325;2020-04-01;6
30;7031;84248;224664;2020-05-01;6
31;2572;49342;94137;2020-01-01;7
32;2718;27298;572385;2020-02-01;7
33;21451;30941;429734;2020-03-01;7
34;22885;75302;120220;2020-04-01;7
35;16248;91637;657213;2020-05-01;7
36;10457;50979;818316;2020-01-01;8
37;21017;54291;611818;2020-02-01;8
38;7627;10536;368666;2020-03-01;8
39;13986;67309;281808;2020-04-01;8
40;14718;84756;352670;2020-05-01;8
41;10585;37235;71059;2020-01-01;9
42;9094;34288;36231;2020-02-01;9
43;23550;34652;788559;2020-03-01;9
44;8719;70629;274521;2020-04-01;9
45;20570;88049;902180;2020-05-01;9
46;23453;12575;948484;2020-01-01;10
47;15895;43550;462980;2020-02-01;10
48;20100;53049;436691;2020-03-01;10
49;17179;36271;210312;2020-04-01;10
50;23666;44359;214768;2020-05-01;10
51;22173;28668;54049;2020-01-01;11
52;7556;54152;48090;2020-02-01;11
53;23610;17597;108233;2020-03-01;11
54;2074;86494;67235;2020-04-01;11
55;4662;70032;811722;2020-05-01;11
56;16788;53383;977725;2020-01-01;12
57;14539;58199;450986;2020-02-01;12
58;22573;60758;220896;2020-03-01;12
59;10531;84187;776789;2020-04-01;12
60;3981;13602;675443;2020-05-01;12
61;16013;87270;57896;2020-01-01;13
62;4349;61636;900610;2020-02-01;13
63;24236;20352;278257;2020-03-01;13
64;7820;76906;748638;2020-04-01;13
65;11730;50447;505044;2020-05-01;13
66;20076;16848;653263;2020-01-01;14
67;11685;65115;480781;2020-02-01;14
68;326;56107;133761;2020-03-01;14
69;20358;57916;121316;2020-04-01;14
70;18983;51105;333695;2020-05-01;14
71;13817;40794;725111;2020-01-01;15
72;18750;49200;785957;2020-02-01;15
73;20689;35132;268077;2020-03-01;15
74;18390;38104;25581;2020-04-01;15
75;7346;12678;177377;2020-05-01;15
76;6494;53486;711415;2020-01-01;16
77;9130;60801;894648;2020-02-01;16
78;16546;79034;454922;2020-03-01;16
79;6825;63208;662964;2020-04-01;16
80;17818;29344;12566;2020-05-01;16
81;16704;53708;623917;2020-01-01;17
82;10250;56106;729855;2020-02-01;17
83;7273;76316;964702;2020-03-01;17
84;18981;97460;167496;2020-04-01;17
85;24465;15053;217502;2020-05-01;17
86;6041;46035;566723;2020-01-01;18
87;16066;65770;689753;2020-02-01;18
88;22043;79085;781255;2020-03-01;18
89;17893;96613;220520;2020-04-01;18
90;6431;81344;750944;2020-05-01;18
91;19285;35719;871099;2020-01-01;19
92;20742;19299;820295;2020-02-01;19
93;20564;29264;595243;2020-03-01;19
94;16154;37994;534798;2020-04-01;19
95;2604;74670;390816;2020-05-01;19
96;15659;44678;94110;2020-01-01;20
97;19443;30031;835858;2020-02-01;20
98;3515;39037;668963;2020-03-01;20
99;23538;41337;414403;2020-04-01;20
100;11384;30035;945766;2020-05-01;20
101;21382;49173;362971;2020-01-01;21
102;10346;63125;297183;2020-02-01;21
103;5822;14990;947351;2020-03-01;21
104;8218;75563;890921;2020-04-01;21
105;17229;86252;275894;2020-05-01;21
106;777;98708;922099;2020-01-01;22
107;15033;31443;405239;2020-02-01;22
108;2285;93016;324652;2020-03-01;22
109;15730;98334;186915;2020-04-01;22
110;17515;85407;737512;2020-05-01;22
111;1076;65050;866198;2020-01-01;23
112;24667;47261;913129;2020-02-01;23
113;12761;78655;807672;2020-03-01;23
114;1976;12816;158539;2020-04-01;23
115;19189;47574;785091;2020-05-01;23
116;6218;76962;520938;2020-01-01;24
117;4890;33376;424225;2020-02-01;24
118;9372;77129;144935;2020-03-01;24
119;1984;73978;315163;2020-04-01;24
120;1440;16483;107450;2020-05-01;24
121;21054;34877;484779;2020-01-01;25
122;18156;62618;495678;2020-02-01;25
123;23466;33964;960342;2020-03-01;25
124;15594;29890;138806;2020-04-01;25
125;11732;72806;627299;2020-05-01;25
126;23853;66115;475295;2020-01-01;26
127;5699;37741;838828;2020-02-01;26
128;17211;21536;12768;2020-03-01;26
129;21694;60157;530580;2020-04-01;26
130;4743;54209;610254;2020-05-01;26
131;22157;21222;412263;2020-01-01;27
132;5875;43768;481689;2020-02-01;27
133;5612;72322;927739;2020-03-01;27
134;3684;14485;998464;2020-04-01;27
135;908;82761;517663;2020-05-01;27
136;21825;65497;798043;2020-01-01;28
137;23;39606;162087;2020-02-01;28
138;15400;52713;56823;2020-03-01;28
139;910;89760;546640;2020-04-01;28
140;14246;96511;590164;2020-05-01;28
141;19866;26684;952391;2020-01-01;29
142;10262;48591;858403;2020-02-01;29
143;20326;81044;676565;2020-03-01;29
144;4836;94993;566114;2020-04-01;29
145;14068;25182;560864;2020-05-01;29
146;18522;66799;305957;2020-01-01;30
147;13182;25962;71524;2020-02-01;30
148;20387;93388;45823;2020-03-01;30
149;8723;73286;763493;2020-04-01;30
150;17755;69056;983320;2020-05-01;30
151;10274;46972;336575;2020-01-01;31
152;20121;19564;198798;2020-02-01;31
153;20709;82014;961584;2020-03-01;31
154;17040;54307;210104;2020-04-01;31
155;19170;95365;708738;2020-05-01;31
156;23759;41218;916314;2020-01-01;32
157;9062;83871;124085;2020-02-01;32
158;19320;29407;934464;2020-03-01;32
159;15053;94869;522063;2020-04-01;32
160;8675;88227;742656;2020-05-01;32
161;2466;80156;174146;2020-01-01;33
162;4513;71967;505450;2020-02-01;33
163;12054;65163;764923;2020-03-01;33
164;24973;46731;125713;2020-04-01;33
165;4580;19799;175067;2020-05-01;33
166;22485;51570;645689;2020-01-01;34
167;1328;15671;24075;2020-02-01;34
168;20303;30854;54195;2020-03-01;34
169;13366;44920;436115;2020-04-01;34
170;14112;47636;903827;2020-05-01;34
171;17523;75731;815982;2020-01-01;35
172;9692;54146;658832;2020-02-01;35
173;18085;15511;719825;2020-03-01;35
174;18115;70170;927706;2020-04-01;35
175;24189;50996;148885;2020-05-01;35
176;17268;90633;175675;2020-01-01;36
177;6786;78272;676769;2020-02-01;36
178;13202;93455;397187;2020-03-01;36
179;24329;69940;288553;2020-04-01;36
180;346;76327;474242;2020-05-01;36
181;9917;74903;215143;2020-01-01;37
182;19161;41351;43751;2020-02-01;37
183;12081;28835;926005;2020-03-01;37
184;17960;50966;850385;2020-04-01;37
185;3752;73060;523777;2020-05-01;37
186;13969;27475;242556;2020-01-01;38
187;3139;50202;185638;2020-02-01;38
188;13894;26862;72027;2020-03-01;38
189;16999;32409;256304;2020-04-01;38
190;15559;38104;987609;2020-05-01;38
191;23611;55572;294879;2020-01-01;39
192;3700;94961;898976;2020-02-01;39
193;22546;69305;825032;2020-03-01;39
194;559;81902;343968;2020-04-01;39
195;914;22403;291999;2020-05-01;39
196;17482;53375;301185;2020-01-01;40
197;2719;85163;781503;2020-02-01;40
198;8040;32943;248640;2020-03-01;40
199;14724;66155;48375;2020-04-01;40
200;10056;85524;597616;2020-05-01;40
201;19367;95928;980517;2020-01-01;41
202;18735;20351;367322;2020-02-01;41
203;16223;49451;302064;2020-03-01;41
204;24244;40687;588234;2020-04-01;41
205;18783;25453;296983;2020-05-01;41
206;2364;56375;645965;2020-01-01;42
207;10044;20803;762661;2020-02-01;42
208;13700;18757;169416;2020-03-01;42
209;2016;30464;74293;2020-04-01;42
210;22901;81248;202918;2020-05-01;42
211;19124;85019;529926;2020-01-01;43
212;880;71881;645971;2020-02-01;43
213;15853;40212;951970;2020-03-01;43
214;24966;35104;174529;2020-04-01;43
215;5381;88154;346045;2020-05-01;43
216;8086;95255;684680;2020-01-01;44
217;13180;93386;631110;2020-02-01;44
218;15853;17192;158048;2020-03-01;44
219;1788;19296;198044;2020-04-01;44
220;17422;42338;813652;2020-05-01;44
221;1524;89468;575279;2020-01-01;45
222;8798;48557;787517;2020-02-01;45
223;3406;13338;385593;2020-03-01;45
224;7330;11096;713667;2020-04-01;45
225;9458;52063;891997;2020-05-01;45
226;17734;82800;319215;2020-01-01;46
227;17299;31547;557318;2020-02-01;46
228;12010;39366;842286;2020-03-01;46
229;15158;76600;186734;2020-04-01;46
230;21876;68156;945148;2020-05-01;46
231;15337;63500;352118;2020-01-01;47
232;14699;55987;555762;2020-02-01;47
233;6080;25635;378775;2020-03-01;47
234;5368;92971;902400;2020-04-01;47
235;14935;99654;671783;2020-05-01;47
236;20903;89717;983835;2020-01-01;48
237;1093;34610;190202;2020-02-01;48
238;348;61302;893124;2020-03-01;48
239;9996;99288;490343;2020-04-01;48
240;6188;96159;895878;2020-05-01;48
241;17823;30668;383464;2020-01-01;49
242;24315;52240;237090;2020-02-01;49
243;21715;72145;54401;2020-03-01;49
244;12055;60118;819413;2020-04-01;49
245;23422;15480;179117;2020-05-01;49
246;213;93949;463954;2020-01-01;50
247;11545;58889;193773;2020-02-01;50
248;1896;92812;27465;2020-03-01;50
249;3881;87008;584798;2020-04-01;50
250;3900;92082;744842;2020-05-01;50
251;1618;14406;984562;2020-01-01;51
252;14918;73142;61558;2020-02-01;51
253;8947;32117;245655;2020-03-01;51
254;17581;16939;857875;2020-04-01;51
255;6363;95455;34376;2020-05-01;51
256;14322;37715;926872;2020-01-01;52
257;388;50966;864345;2020-02-01;52
258;1820;35565;973642;2020-03-01;52
259;22425;53495;22851;2020-04-01;52
260;8350;18896;404626;2020-05-01;52
261;6035;13687;947551;2020-01-01;53
262;17619;15741;22454;2020-02-01;53
263;5807;72623;840656;2020-03-01;53
264;14237;77775;79444;2020-04-01;53
265;1712;33732;186645;2020-05-01;53
266;12787;10941;544540;2020-01-01;54
267;7227;69707;148378;2020-02-01;54
268;3417;16824;93947;2020-03-01;54
269;23460;61426;237841;2020-04-01;54
270;21567;71531;847738;2020-05-01;54
271;16513;24279;702978;2020-01-01;55
272;17418;11056;415909;2020-02-01;55
273;9845;81462;601423;2020-03-01;55
274;6100;61165;399798;2020-04-01;55
275;12058;86608;761032;2020-05-01;55
276;7457;13636;802020;2020-01-01;56
277;12825;54411;923498;2020-02-01;56
278;431;96515;534904;2020-03-01;56
279;7936;86970;259048;2020-04-01;56
280;22067;88402;416024;2020-05-01;56
281;604;30580;390550;2020-01-01;57
282;6923;89549;750385;2020-02-01;57
283;4765;70544;230526;2020-03-01;57
284;24510;44684;649953;2020-04-01;57
285;19748;82833;819599;2020-05-01;57
286;11486;49199;429974;2020-01-01;58
287;18700;24859;561725;2020-02-01;58
288;2908;30239;907450;2020-03-01;58
289;5765;27594;336938;2020-04-01;58
290;14138;90902;252370;2020-05-01;58
291;7244;43034;489566;2020-01-01;59
292;9214;11532;804290;2020-02-01;59
293;17877;65455;16255;2020-03-01;59
294;24137;74651;59782;2020-04-01;59
295;16630;57121;59959;2020-05-01;59
296;20383;51874;283965;2020-01-01;60
297;5759;29487;303085;2020-02-01;60
298;23211;20215;291891;2020-03-01;60
299;9001;49102;99322;2020-04-01;60
300;9039;56864;432298;2020-05-01;60
301;18175;53434;303685;2020-01-01;61
302;13227;32454;639069;2020-02-01;61
303;20457;22847;710653;2020-03-01;61
304;17700;79933;484110;2020-04-01;61
305;22278;88478;699072;2020-05-01;61
306;15799;28305;165417;2020-01-01;62
307;13255;79462;267359;2020-02-01;62
308;15643;94719;740026;2020-03-01;62
309;9616;35822;782254;2020-04-01;62
310;21802;70636;95933;2020-05-01;62
311;10940;70465;403356;2020-01-01;63
312;15886;54355;16101;2020-02-01;63
313;6030;48559;933533;2020-03-01;63
314;12899;13466;456302;2020-04-01;63
315;8073;31712;454497;2020-05-01;63
316;21285;67244;853501;2020-01-01;64
317;9640;28432;506401;2020-02-01;64
318;5455;55312;446669;2020-03-01;64
319;6907;60223;195799;2020-04-01;64
320;6709;53619;486850;2020-05-01;64
321;21506;88991;51352;2020-01-01;65
322;18752;50267;945113;2020-02-01;65
323;12409;27319;69700;2020-03-01;65
324;943;24448;563366;2020-04-01;65
325;6702;13284;287712;2020-05-01;65
326;12824;58903;227882;2020-01-01;66
327;13239;12334;639711;2020-02-01;66
328;15769;13935;562230;2020-03-01;66
329;13580;70623;382880;2020-04-01;66
330;18835;79221;439438;2020-05-01;66
331;12474;86060;261804;2020-01-01;67
332;14568;68000;231291;2020-02-01;67
333;14353;89107;598134;2020-03-01;67
334;15725;18649;313949;2020-04-01;67
335;15822;37739;177714;2020-05-01;67
336;8442;72645;538854;2020-01-01;68
337;10531;16695;855925;2020-02-01;68
338;20345;89404;259162;2020-03-01;68
339;22086;71817;475383;2020-04-01;68
340;5981;27986;40222;2020-05-01;68
341;20108;99465;221927;2020-01-01;69
342;8460;38253;375548;2020-02-01;69
343;15986;97173;76499;2020-03-01;69
344;9144;54220;849477;2020-04-01;69
345;16031;67301;125562;2020-05-01;69
346;1846;12391;80184;2020-01-01;70
347;16171;26370;654459;2020-02-01;70
348;24360;38860;90306;2020-03-01;70
349;22853;47627;411014;2020-04-01;70
350;8999;58818;727971;2020-05-01;70
351;21208;60766;410429;2020-01-01;71
352;11118;59704;165195;2020-02-01;71
353;5639;55460;855586;2020-03-01;71
354;775;71274;192498;2020-04-01;71
355;24955;29136;798710;2020-05-01;71
356;11987;78234;508834;2020-01-01;72
357;20149;37442;572666;2020-02-01;72
358;6157;28409;572164;2020-03-01;72
359;22593;66311;698002;2020-04-01;72
360;2603;92402;272774;2020-05-01;72
361;3387;16317;790945;2020-01-01;73
362;8621;35021;885980;2020-02-01;73
363;13414;36479;894039;2020-03-01;73
364;12006;33268;96587;2020-04-01;73
365;4757;86688;379774;2020-05-01;73
366;23722;65061;128037;2020-01-01;74
367;399;10752;414578;2020-02-01;74
368;10447;74906;531410;2020-03-01;74
369;13059;33895;539138;2020-04-01;74
370;5852;61305;650217;2020-05-01;74
371;6526;78179;860487;2020-01-01;75
372;24557;44254;536464;2020-02-01;75
373;6063;78345;990185;2020-03-01;75
374;8160;29357;197770;2020-04-01;75
375;2215;85685;944368;2020-05-01;75
376;7714;50969;327187;2020-01-01;76
377;17493;83604;143363;2020-02-01;76
378;18379;85096;872652;2020-03-01;76
379;1868;17389;888874;2020-04-01;76
380;5201;71502;823670;2020-05-01;76
381;1034;67990;255496;2020-01-01;77
382;23042;83376;911559;2020-02-01;77
383;22714;85803;458809;2020-03-01;77
384;11809;63568;201406;2020-04-01;77
385;19431;79836;359719;2020-05-01;77
386;1685;33940;205487;2020-01-01;78
387;2244;34811;132371;2020-02-01;78
388;23260;47316;740766;2020-03-01;78
389;13537;38694;727815;2020-04-01;78
390;13066;10661;58804;2020-05-01;78
391;3477;65418;962175;2020-01-01;79
392;7026;15809;530626;2020-02-01;79
393;12779;54195;208697;2020-03-01;79
394;837;97500;792655;2020-04-01;79
395;9532;13314;781571;2020-05-01;79
396;9058;30002;382115;2020-01-01;80
397;22607;36309;815615;2020-02-01;80
398;18691;74847;243823;2020-03-01;80
399;16767;86927;715242;2020-04-01;80
400;10221;41760;233580;2020-05-01;80
401;21720;73989;906580;2020-01-01;81
402;7420;74840;136611;2020-02-01;81
403;1335;35018;748845;2020-03-01;81
404;15126;79609;713609;2020-04-01;81
405;6913;33841;742923;2020-05-01;81
406;927;37553;499706;2020-01-01;82
407;18603;27837;781379;2020-02-01;82
408;378;15736;684761;2020-03-01;82
409;20437;54439;283162;2020-04-01;82
410;9318;94953;254531;2020-05-01;82
411;23236;31568;943012;2020-01-01;83
412;8061;15713;860356;2020-02-01;83
413;12514;48925;929028;2020-03-01;83
414;12740;38198;406168;2020-04-01;83
415;21191;37147;937909;2020-05-01;83
416;11214;24031;966832;2020-01-01;84
417;18440;63043;733757;2020-02-01;84
418;14155;76693;760575;2020-03-01;84
419;6521;83103;75472;2020-04-01;84
420;24868;79673;796017;2020-05-01;84
421;22495;46064;249598;2020-01-01;85
422;6738;25104;990292;2020-02-01;85
423;3789;41187;142231;2020-03-01;85
424;14542;51438;106608;2020-04-01;85
425;7322;58707;494742;2020-05-01;85
426;5897;89370;655505;2020-01-01;86
427;16417;76709;214236;2020-02-01;86
428;8438;78584;120639;2020-03-01;86
429;1613;35329;618811;2020-04-01;86
430;14764;69256;459772;2020-05-01;86
431;5278;71345;646305;2020-01-01;87
432;19380;39025;291491;2020-02-01;87
433;24823;73354;315293;2020-03-01;87
434;5294;70900;227375;2020-04-01;87
435;2470;56957;190055;2020-05-01;87
436;1404;41469;602915;2020-01-01;88
437;12483;81352;671990;2020-02-01;88
438;14602;88591;243984;2020-03-01;88
439;8969;70092;958948;2020-04-01;88
440;140;34931;595394;2020-05-01;88
441;24027;17412;230939;2020-01-01;89
442;24635;75887;230271;2020-02-01;89
443;22219;67962;98918;2020-03-01;89
444;22993;62971;222238;2020-04-01;89
445;6166;58628;679895;2020-05-01;89
446;24502;29303;159441;2020-01-01;90
447;22520;40094;127089;2020-02-01;90
448;22426;25773;771507;2020-03-01;90
449;14815;22369;660725;2020-04-01;90
450;7477;97855;897801;2020-05-01;90
451;24510;26998;964057;2020-01-01;91
452;1606;41564;205426;2020-02-01;91
453;16451;29971;902707;2020-03-01;91
454;24191;11020;160877;2020-04-01;91
455;15218;33726;924977;2020-05-01;91
456;19630;40064;21491;2020-01-01;92
457;18820;78288;396073;2020-02-01;92
458;19344;27605;477651;2020-03-01;92
459;24483;90524;683885;2020-04-01;92
460;23003;80497;771346;2020-05-01;92
461;19321;69855;177684;2020-01-01;93
462;18404;96047;291162;2020-02-01;93
463;10690;32335;482629;2020-03-01;93
464;20401;33139;789967;2020-04-01;93
465;21138;50861;208862;2020-05-01;93
466;21551;35853;209220;2020-01-01;94
467;21322;74778;191439;2020-02-01;94
468;24521;16007;663591;2020-03-01;94
469;12934;97619;201448;2020-04-01;94
470;1464;85893;225954;2020-05-01;94
471;22113;75713;206407;2020-01-01;95
472;10212;19888;418800;2020-02-01;95
473;7978;89845;62418;2020-03-01;95
474;22100;48722;173595;2020-04-01;95
475;2856;75069;160476;2020-05-01;95
476;4983;62710;607979;2020-01-01;96
477;8368;74961;277335;2020-02-01;96
478;11297;94439;633681;2020-03-01;96
479;15333;86707;436568;2020-04-01;96
480;18459;10113;924732;2020-05-01;96
481;1695;81135;286083;2020-01-01;97
482;10903;43559;900212;2020-02-01;97
483;3475;50636;676639;2020-03-01;97
484;446;92478;868818;2020-04-01;97
485;18623;72323;982295;2020-05-01;97
486;13239;36596;271208;2020-01-01;98
487;2506;33477;540488;2020-02-01;98
488;24065;35638;674934;2020-03-01;98
489;5039;20307;137793;2020-04-01;98
490;6982;72942;773550;2020-05-01;98
491;23078;51983;84098;2020-01-01;99
492;24971;28697;699341;2020-02-01;99
493;20296;77265;494631;2020-03-01;99
494;4704;14270;729139;2020-04-01;99
495;22322;13807;119596;2020-05-01;99
496;2484;95748;331252;2020-01-01;100
497;23949;32177;119789;2020-02-01;100
498;6124;97469;880273;2020-03-01;100
499;12140;44829;382496;2020-04-01;100
500;6860;90285;872318;2020-05-01;100
501;464;32084;954787;2020-01-01;101
502;21889;47382;237983;2020-02-01;101
503;5640;41263;793499;2020-03-01;101
504;11229;92381;376409;2020-04-01;101
505;11424;18795;505599;2020-05-01;101
506;13885;85539;847495;2020-01-01;102
507;6286;14558;390042;2020-02-01;102
508;11827;34455;520805;2020-03-01;102
509;8150;26163;868194;2020-04-01;102
510;19280;47439;295731;2020-05-01;102
511;13421;83654;760630;2020-01-01;103
512;18137;93721;523979;2020-02-01;103
513;6943;97545;879718;2020-03-01;103
514;13925;67117;935121;2020-04-01;103
515;12265;86061;883419;2020-05-01;103
516;3950;16767;508231;2020-01-01;104
517;19;57921;962171;2020-02-01;104
518;12261;25536;725496;2020-03-01;104
519;4980;26325;631612;2020-04-01;104
520;18977;11859;425766;2020-05-01;104
521;14901;39935;752976;2020-01-01;105
522;1764;43184;157572;2020-02-01;105
523;11865;90535;534330;2020-03-01;105
524;16814;11710;140569;2020-04-01;105
525;4301;65701;703914;2020-05-01;105
526;143;45101;471074;2020-01-01;106
527;23047;32229;104197;2020-02-01;106
528;10306;40706;211604;2020-03-01;106
529;20913;12358;560092;2020-04-01;106
530;658;57539;184038;2020-05-01;106
531;260;11254;217772;2020-01-01;107
532;22202;21058;702153;2020-02-01;107
533;19999;72996;900035;2020-03-01;107
534;17933;99290;35649;2020-04-01;107
535;10523;85131;881296;2020-05-01;107
536;8484;94526;581680;2020-01-01;108
537;8324;23579;459986;2020-02-01;108
538;16892;75727;367666;2020-03-01;108
539;10010;23457;167531;2020-04-01;108
540;2466;36576;60954;2020-05-01;108
541;15976;11746;748680;2020-01-01;109
542;20618;93179;964810;2020-02-01;109
543;21361;58504;971163;2020-03-01;109
544;17168;30099;558344;2020-04-01;109
545;15320;25659;104210;2020-05-01;109
546;182;17026;796512;2020-01-01;110
547;22147;44825;542371;2020-02-01;110
548;2155;50754;133740;2020-03-01;110
549;21216;59126;953224;2020-04-01;110
550;2953;24458;48916;2020-05-01;110
551;1614;57086;615866;2020-01-01;111
552;2761;69118;327356;2020-02-01;111
553;24043;61122;870282;2020-03-01;111
554;15770;10786;529113;2020-04-01;111
555;5309;25879;18103;2020-05-01;111
556;22400;40101;592830;2020-01-01;112
557;7389;39963;606967;2020-02-01;112
558;20838;53901;119540;2020-03-01;112
559;18529;26558;535273;2020-04-01;112
560;7999;99404;527026;2020-05-01;112
561;23826;69407;100134;2020-01-01;113
562;10774;30513;56453;2020-02-01;113
563;16577;40015;998572;2020-03-01;113
564;18271;36355;421182;2020-04-01;113
565;10369;79467;575180;2020-05-01;113
566;22035;27402;404574;2020-01-01;114
567;13215;97016;54619;2020-02-01;114
568;5843;57295;766709;2020-03-01;114
569;8433;68785;79613;2020-04-01;114
570;23219;74122;162803;2020-05-01;114
571;7543;24187;754361;2020-01-01;115
572;13256;68809;72220;2020-02-01;115
573;9920;75228;957651;2020-03-01;115
574;20248;14161;224900;2020-04-01;115
575;20508;83245;13364;2020-05-01;115
576;4192;67646;548125;2020-01-01;116
577;14834;43756;420125;2020-02-01;116
578;4578;92518;688648;2020-03-01;116
579;15826;93449;303017;2020-04-01;116
580;6975;56184;907761;2020-05-01;116
581;5747;13698;895861;2020-01-01;117
582;20215;24994;497045;2020-02-01;117
583;24239;76500;779986;2020-03-01;117
584;4056;92093;301689;2020-04-01;117
585;3145;31055;858015;2020-05-01;117
586;5802;26982;218567;2020-01-01;118
587;15546;64125;126409;2020-02-01;118
588;21465;58237;918449;2020-03-01;118
589;16722;53306;449609;2020-04-01;118
590;20815;90768;324102;2020-05-01;118
591;231;74829;622763;2020-01-01;119
592;10487;61305;667892;2020-02-01;119
593;1049;34236;932372;2020-03-01;119
594;24564;10416;480470;2020-04-01;119
595;21807;34150;261397;2020-05-01;119
596;455;15660;748184;2020-01-01;120
597;1718;83766;471926;2020-02-01;120
598;19548;72697;931593;2020-03-01;120
599;18902;27278;628339;2020-04-01;120
600;17921;36389;900877;2020-05-01;120
601;4005;27599;179465;2020-01-01;121
602;7769;55722;213764;2020-02-01;121
603;9707;18006;452094;2020-03-01;121
604;12197;13872;130696;2020-04-01;121
605;23891;12190;600197;2020-05-01;121
606;12269;98872;839405;2020-01-01;122
607;14486;29082;368455;2020-02-01;122
608;6108;25790;134997;2020-03-01;122
609;3347;80367;558499;2020-04-01;122
610;5994;20988;865618;2020-05-01;122
611;14587;87663;98572;2020-01-01;123
612;24017;72756;866711;2020-02-01;123
613;2385;91776;277543;2020-03-01;123
614;15291;93218;845486;2020-04-01;123
615;4281;63368;860581;2020-05-01;123
616;13807;15210;102103;2020-01-01;124
617;16954;43932;841650;2020-02-01;124
618;24329;65824;857132;2020-03-01;124
619;23549;11605;476335;2020-04-01;124
620;4554;82914;210402;2020-05-01;124
621;9676;39819;714662;2020-01-01;125
622;5402;56582;186981;2020-02-01;125
623;5648;21129;541130;2020-03-01;125
624;11083;73431;262099;2020-04-01;125
625;3796;77213;771426;2020-05-01;125
626;22010;44365;610725;2020-01-01;126
627;22348;55687;713712;2020-02-01;126
628;24500;39168;149448;2020-03-01;126
629;12551;59038;874597;2020-04-01;126
630;10534;15954;992465;2020-05-01;126
631;57;30872;980341;2020-01-01;127
632;8866;77223;952488;2020-02-01;127
633;3102;91167;987249;2020-03-01;127
634;22286;27084;844630;2020-04-01;127
635;13220;79393;27031;2020-05-01;127
636;7175;68743;559092;2020-01-01;128
637;24039;23323;807523;2020-02-01;128
638;18915;21449;754491;2020-03-01;128
639;7426;43965;56241;2020-04-01;128
640;22064;57669;718142;2020-05-01;128
641;12625;35857;705913;2020-01-01;129
642;12422;53844;965742;2020-02-01;129
643;17463;60181;271599;2020-03-01;129
644;18006;98575;843725;2020-04-01;129
645;5675;76715;671718;2020-05-01;129
646;11982;42926;359550;2020-01-01;130
647;12853;59463;66865;2020-02-01;130
648;20214;32093;955590;2020-03-01;130
649;24997;68336;836499;2020-04-01;130
650;17978;92238;173020;2020-05-01;130
651;23039;28537;348324;2020-01-01;131
652;4685;56890;419485;2020-02-01;131
653;18511;95049;174509;2020-03-01;131
654;14497;66547;764776;2020-04-01;131
655;16772;89541;890150;2020-05-01;131
656;15061;29246;632889;2020-01-01;132
657;15508;85804;777518;2020-02-01;132
658;18454;20452;778453;2020-03-01;132
659;4268;75086;66526;2020-04-01;132
660;10556;53213;186532;2020-05-01;132
661;10604;55292;470022;2020-01-01;133
662;4872;38414;906588;2020-02-01;133
663;3369;71011;934985;2020-03-01;133
664;15927;16309;102243;2020-04-01;133
665;2458;84488;424890;2020-05-01;133
666;15984;92488;665590;2020-01-01;134
667;11705;50021;910689;2020-02-01;134
668;14326;17542;212162;2020-03-01;134
669;17465;21539;309207;2020-04-01;134
670;17705;46467;25619;2020-05-01;134
671;18724;52545;982630;2020-01-01;135
672;8688;82187;897880;2020-02-01;135
673;2889;38700;656756;2020-03-01;135
674;11018;28038;949933;2020-04-01;135
675;20897;72631;793104;2020-05-01;135
676;4866;18268;223157;2020-01-01;136
677;1985;59922;926009;2020-02-01;136
678;12694;23146;699289;2020-03-01;136
679;23959;12162;261979;2020-04-01;136
680;24713;64284;914103;2020-05-01;136
681;21232;55564;392327;2020-01-01;137
682;20101;94276;12041;2020-02-01;137
683;10551;90473;352433;2020-03-01;137
684;14658;61904;40749;2020-04-01;137
685;6138;95851;87669;2020-05-01;137
686;13961;60068;451137;2020-01-01;138
687;19834;61435;36192;2020-02-01;138
688;6467;11424;469109;2020-03-01;138
689;16151;16036;521250;2020-04-01;138
690;13234;42509;730085;2020-05-01;138
691;4814;89853;128363;2020-01-01;139
692;1318;85726;113514;2020-02-01;139
693;3264;81765;251895;2020-03-01;139
694;20129;90570;947858;2020-04-01;139
695;22595;61684;350072;2020-05-01;139
696;10423;16188;960377;2020-01-01;140
697;20389;76631;25836;2020-02-01;140
698;14094;16339;569023;2020-03-01;140
699;10410;33211;291173;2020-04-01;140
700;17376;22540;996509;2020-05-01;140
701;19068;45681;943713;2020-01-01;141
702;23458;82598;990604;2020-02-01;141
703;21614;98644;145149;2020-03-01;141
704;24362;46592;53722;2020-04-01;141
705;10288;11378;701287;2020-05-01;141
706;22033;81402;559764;2020-01-01;142
707;7855;95920;585422;2020-02-01;142
708;10377;83005;810755;2020-03-01;142
709;14781;40941;452869;2020-04-01;142
710;11925;68913;700340;2020-05-01;142
711;11902;22289;843883;2020-01-01;143
712;21452;58492;91437;2020-02-01;143
713;1722;89777;768578;2020-03-01;143
714;12138;96421;961315;2020-04-01;143
715;16363;93596;491308;2020-05-01;143
716;5067;78346;403023;2020-01-01;144
717;1956;59974;492828;2020-02-01;144
718;21762;97404;569472;2020-03-01;144
719;13635;57380;13171;2020-04-01;144
720;9863;47731;801070;2020-05-01;144
721;14846;40583;317754;2020-01-01;145
722;19534;19479;150432;2020-02-01;145
723;5628;74784;366325;2020-03-01;145
724;5484;72492;49894;2020-04-01;145
725;3690;42613;414478;2020-05-01;145
726;24039;75121;382474;2020-01-01;146
727;22390;19257;763854;2020-02-01;146
728;17985;32300;407265;2020-03-01;146
729;24431;95942;815808;2020-04-01;146
730;21768;37237;106490;2020-05-01;146
731;16682;63138;595137;2020-01-01;147
732;21099;32155;694935;2020-02-01;147
733;661;93331;498511;2020-03-01;147
734;15706;73973;260302;2020-04-01;147
735;21019;51094;938657;2020-05-01;147
736;4200;54790;702706;2020-01-01;148
737;14363;30203;311253;2020-02-01;148
738;12435;66949;497147;2020-03-01;148
739;19065;36429;777845;2020-04-01;148
740;6685;34016;906285;2020-05-01;148
741;23270;40612;973323;2020-01-01;149
742;14595;71232;45835;2020-02-01;149
743;18386;80864;689514;2020-03-01;149
744;9801;89591;284740;2020-04-01;149
745;13861;13074;108344;2020-05-01;149
746;4279;68104;587826;2020-01-01;150
747;13107;38693;579449;2020-02-01;150
748;12491;60521;423065;2020-03-01;150
749;7342;77934;112261;2020-04-01;150
750;17796;25305;626879;2020-05-01;150
751;12674;53772;344881;2020-01-01;151
752;12002;69197;916573;2020-02-01;151
753;4268;17912;663751;2020-03-01;151
754;20510;56208;831229;2020-04-01;151
755;11543;48075;662105;2020-05-01;151
756;21626;38649;180887;2020-01-01;152
757;3917;97526;121396;2020-02-01;152
758;10812;61280;778939;2020-03-01;152
759;24702;94123;141664;2020-04-01;152
760;4307;88417;39953;2020-05-01;152
761;1382;32867;255423;2020-01-01;153
762;8697;57716;860632;2020-02-01;153
763;16822;30368;845528;2020-03-01;153
764;1880;11248;180469;2020-04-01;153
765;17482;67035;423721;2020-05-01;153
766;12027;78560;914684;2020-01-01;154
767;17762;24271;833025;2020-02-01;154
768;16177;36500;166286;2020-03-01;154
769;3217;78870;270662;2020-04-01;154
770;16271;35091;348266;2020-05-01;154
771;10170;36628;859974;2020-01-01;155
772;1051;28522;472872;2020-02-01;155
773;13035;31357;691286;2020-03-01;155
774;17637;26858;597535;2020-04-01;155
775;19768;58415;580837;2020-05-01;155
776;1001;73690;534524;2020-01-01;156
777;11308;55542;144840;2020-02-01;156
778;24738;37820;902809;2020-03-01;156
779;1121;44198;870660;2020-04-01;156
780;10380;85998;969345;2020-05-01;156
781;17475;50032;177781;2020-01-01;157
782;1930;57836;333421;2020-02-01;157
783;9723;61448;639630;2020-03-01;157
784;18376;28314;781851;2020-04-01;157
785;6458;48500;558660;2020-05-01;157
786;13693;79593;568079;2020-01-01;158
787;5014;69158;465255;2020-02-01;158
788;20183;77766;418100;2020-03-01;158
789;23980;82017;28274;2020-04-01;158
790;24600;14840;597705;2020-05-01;158
791;12719;79986;146945;2020-01-01;159
792;22555;12793;899527;2020-02-01;159
793;7812;60931;678219;2020-03-01;159
794;21051;10165;906620;2020-04-01;159
795;684;14250;538627;2020-05-01;159
796;13328;70573;223348;2020-01-01;160
797;8728;29764;780618;2020-02-01;160
798;9907;27615;411448;2020-03-01;160
799;10113;56740;255624;2020-04-01;160
800;19583;65374;110230;2020-05-01;160
801;20593;87395;612856;2020-01-01;161
802;6780;78828;918383;2020-02-01;161
803;14954;90358;84800;2020-03-01;161
804;14334;55791;899728;2020-04-01;161
805;21107;71263;209369;2020-05-01;161
806;11238;66641;262379;2020-01-01;162
807;20052;35229;613099;2020-02-01;162
808;7077;22018;899004;2020-03-01;162
809;23615;60847;307845;2020-04-01;162
810;3720;39143;551510;2020-05-01;162
811;12542;83205;202686;2020-01-01;163
812;18569;46342;481104;2020-02-01;163
813;16476;10882;969493;2020-03-01;163
814;9226;52921;881899;2020-04-01;163
815;2460;31419;529484;2020-05-01;163
816;10447;64000;361221;2020-01-01;164
817;4886;99859;508915;2020-02-01;164
818;22478;74231;913516;2020-03-01;164
819;12484;28199;336151;2020-04-01;164
820;15053;78652;837790;2020-05-01;164
821;9350;48854;676599;2020-01-01;165
822;12005;76381;266912;2020-02-01;165
823;7756;46995;660769;2020-03-01;165
824;23440;13684;777619;2020-04-01;165
825;10333;86910;35651;2020-05-01;165
826;4300;42945;185272;2020-01-01;166
827;11168;95201;307230;2020-02-01;166
828;8185;22179;654688;2020-03-01;166
829;7563;38388;86286;2020-04-01;166
830;16907;99401;215856;2020-05-01;166
831;11924;23858;606122;2020-01-01;167
832;20144;69279;328496;2020-02-01;167
833;511;24487;716331;2020-03-01;167
834;16933;12226;16688;2020-04-01;167
835;22950;60401;454598;2020-05-01;167
836;2096;75851;420665;2020-01-01;168
837;12090;97598;684708;2020-02-01;168
838;1147;48826;542433;2020-03-01;168
839;9450;19022;904671;2020-04-01;168
840;2520;29731;280748;2020-05-01;168
841;10553;54247;809587;2020-01-01;169
842;18758;91538;568908;2020-02-01;169
843;20677;25994;443207;2020-03-01;169
844;24530;35597;420738;2020-04-01;169
845;11244;18894;508295;2020-05-01;169
846;971;33268;180966;2020-01-01;170
847;13454;59240;641069;2020-02-01;170
848;19229;47907;919340;2020-03-01;170
849;5682;64758;712646;2020-04-01;170
850;3331;44696;676680;2020-05-01;170
851;12387;56680;539476;2020-01-01;171
852;13690;82590;794984;2020-02-01;171
853;18970;23997;479950;2020-03-01;171
854;18526;93260;673612;2020-04-01;171
855;3951;11672;262611;2020-05-01;171
856;17889;50109;921365;2020-01-01;172
857;18174;90806;787702;2020-02-01;172
858;6774;78895;185320;2020-03-01;172
859;20862;70452;799951;2020-04-01;172
860;23096;73792;540744;2020-05-01;172
861;14803;82170;983584;2020-01-01;173
862;6752;32958;899978;2020-02-01;173
863;8030;96291;576513;2020-03-01;173
864;12373;97308;166806;2020-04-01;173
865;18781;33125;143925;2020-05-01;173
866;16346;34373;341664;2020-01-01;174
867;16363;36348;317007;2020-02-01;174
868;861;10647;35670;2020-03-01;174
869;19717;86465;352170;2020-04-01;174
870;12698;97192;961142;2020-05-01;174
871;14349;16204;472391;2020-01-01;175
872;16501;23802;362817;2020-02-01;175
873;8423;20490;578273;2020-03-01;175
874;14460;68092;951086;2020-04-01;175
875;24579;42834;828888;2020-05-01;175
876;22392;84025;173782;2020-01-01;176
877;16353;31348;203052;2020-02-01;176
878;7961;13015;118453;2020-03-01;176
879;9924;77463;868628;2020-04-01;176
880;24510;98986;705508;2020-05-01;176
881;19397;38890;36730;2020-01-01;177
882;4993;88515;846392;2020-02-01;177
883;10903;59542;457447;2020-03-01;177
884;22994;23156;520603;2020-04-01;177
885;16617;10805;740457;2020-05-01;177
886;22376;65706;783971;2020-01-01;178
887;4980;59758;618452;2020-02-01;178
888;3256;65999;213175;2020-03-01;178
889;3161;58214;529608;2020-04-01;178
890;24780;73497;472591;2020-05-01;178
891;7686;31642;852987;2020-01-01;179
892;2905;31846;427064;2020-02-01;179
893;12733;67980;612877;2020-03-01;179
894;16854;45075;596717;2020-04-01;179
895;12198;16379;201124;2020-05-01;179
896;10279;84645;944693;2020-01-01;180
897;22350;67698;688779;2020-02-01;180
898;12736;56585;151583;2020-03-01;180
899;23144;59610;518928;2020-04-01;180
900;21098;42411;788184;2020-05-01;180
901;13544;50691;428315;2020-01-01;181
902;9996;26017;210689;2020-02-01;181
903;8931;94949;304468;2020-03-01;181
904;4728;40080;51174;2020-04-01;181
905;8694;89906;527952;2020-05-01;181
906;3082;24834;707649;2020-01-01;182
907;18993;42997;679127;2020-02-01;182
908;17409;18944;937119;2020-03-01;182
909;8648;91115;94577;2020-04-01;182
910;2606;40666;657954;2020-05-01;182
911;17793;41110;273494;2020-01-01;183
912;15161;65413;194962;2020-02-01;183
913;19917;30806;807099;2020-03-01;183
914;8465;24065;662868;2020-04-01;183
915;13552;54275;333644;2020-05-01;183
916;22562;80461;716570;2020-01-01;184
917;24513;35395;355049;2020-02-01;184
918;18790;58562;737207;2020-03-01;184
919;6851;21563;765597;2020-04-01;184
920;11257;58868;316564;2020-05-01;184
921;21737;20829;143990;2020-01-01;185
922;13411;57707;859576;2020-02-01;185
923;21085;16981;505419;2020-03-01;185
924;23939;88458;266436;2020-04-01;185
925;16651;64394;210334;2020-05-01;185
926;19056;85069;430950;2020-01-01;186
927;580;12684;578884;2020-02-01;186
928;684;87608;791469;2020-03-01;186
929;15277;90357;730236;2020-04-01;186
930;19483;49267;945595;2020-05-01;186
931;437;20597;900829;2020-01-01;187
932;16161;13887;587989;2020-02-01;187
933;1722;51842;215199;2020-03-01;187
934;2357;14164;56658;2020-04-01;187
935;24316;23412;692168;2020-05-01;187
936;6009;55333;976757;2020-01-01;188
937;7299;11279;987880;2020-02-01;188
938;1220;96485;285921;2020-03-01;188
939;2695;15753;272536;2020-04-01;188
940;3450;26846;961372;2020-05-01;188
941;20258;79318;913805;2020-01-01;189
942;12139;47986;408408;2020-02-01;189
943;17520;14780;423883;2020-03-01;189
944;7674;62076;124949;2020-04-01;189
945;4257;33202;857666;2020-05-01;189
946;13858;80689;331487;2020-01-01;190
947;24741;75281;860661;2020-02-01;190
948;15514;21027;668086;2020-03-01;190
949;7066;17638;666469;2020-04-01;190
950;14588;84654;913725;2020-05-01;190
951;4463;99471;211181;2020-01-01;191
952;24227;63038;257196;2020-02-01;191
953;15929;73481;966334;2020-03-01;191
954;22823;83801;492463;2020-04-01;191
955;16390;99092;360471;2020-05-01;191
956;13678;79168;634993;2020-01-01;192
957;5652;11331;292581;2020-02-01;192
958;24006;57359;121554;2020-03-01;192
959;23063;90763;803765;2020-04-01;192
960;9285;51822;282968;2020-05-01;192
961;10116;78281;189269;2020-01-01;193
962;14805;38960;225049;2020-02-01;193
963;714;78343;405084;2020-03-01;193
964;14992;52706;827585;2020-04-01;193
965;19749;78908;270116;2020-05-01;193
966;8786;29695;314195;2020-01-01;194
967;19080;19233;145552;2020-02-01;194
968;17204;90165;798027;2020-03-01;194
969;21760;87614;211328;2020-04-01;194
970;18124;17720;852341;2020-05-01;194
971;10830;58029;934147;2020-01-01;195
972;2594;91317;20406;2020-02-01;195
973;14207;52864;785715;2020-03-01;195
974;8170;67289;695162;2020-04-01;195
975;4766;28741;681381;2020-05-01;195
976;9899;79316;64290;2020-01-01;196
977;10360;73363;475379;2020-02-01;196
978;8485;27666;909007;2020-03-01;196
979;9734;98686;534969;2020-04-01;196
980;18197;73660;44196;2020-05-01;196
981;18693;97985;419341;2020-01-01;197
982;13374;50694;954439;2020-02-01;197
983;18227;17697;209699;2020-03-01;197
984;6108;29998;927324;2020-04-01;197
985;22184;79970;775187;2020-05-01;197
986;14406;34945;125879;2020-01-01;198
987;1198;28741;96413;2020-02-01;198
988;16059;33089;463300;2020-03-01;198
989;1819;86477;471183;2020-04-01;198
990;3773;72084;649791;2020-05-01;198
991;21382;57646;196526;2020-01-01;199
992;23881;96444;348426;2020-02-01;199
993;78;24223;934055;2020-03-01;199
994;8709;63290;386056;2020-04-01;199
995;9619;39162;302375;2020-05-01;199
996;5986;25360;135088;2020-01-01;200
997;17086;22571;233069;2020-02-01;200
998;12986;26579;310513;2020-03-01;200
999;10211;95705;963188;2020-04-01;200
1000;806;59399;75420;2020-05-01;200
