businesses_id;orders_id
165;542
83;953
23;662
186;701
66;395
39;877
86;727
77;717
141;210
171;349
173;476
144;131
181;547
197;551
39;9
27;995
47;138
91;476
52;903
32;61
108;278
186;35
12;421
35;163
123;609
19;35
106;603
133;856
54;266
128;418
16;192
144;62
85;946
47;747
135;219
37;311
186;460
94;349
40;440
109;595
53;709
42;75
192;229
103;228
39;831
18;533
132;90
74;539
147;583
172;213
58;377
146;950
38;284
3;529
25;483
41;871
65;461
4;444
84;72
174;10
191;884
114;408
9;730
28;882
64;544
111;710
56;399
29;481
48;975
149;476
62;666
131;123
143;307
16;526
82;605
8;867
14;750
111;913
160;834
151;334
168;526
101;302
103;174
64;658
150;731
60;948
143;85
23;609
113;906
67;59
51;351
106;717
133;453
50;455
84;120
190;291
42;971
48;306
162;506
174;241
88;330
49;62
2;597
4;300
42;245
79;215
113;522
55;784
134;376
96;696
51;452
198;321
186;27
17;901
33;726
179;604
61;968
164;49
180;453
56;41
152;677
77;10
11;881
27;927
69;584
162;821
190;535
116;140
111;49
1;303
77;494
42;259
156;116
184;804
83;405
192;407
152;366
121;945
51;990
27;177
101;8
98;854
80;105
16;905
29;982
189;831
127;41
135;191
51;360
106;876
191;260
80;700
62;165
74;870
44;389
49;310
200;227
18;565
31;795
95;820
76;423
151;194
133;984
136;667
16;183
154;242
189;949
111;730
29;698
165;352
122;812
154;192
200;103
77;365
75;639
172;412
179;779
108;301
176;627
125;48
164;37
177;64
98;709
4;572
64;755
44;88
33;865
7;513
86;910
113;427
86;348
82;623
167;604
161;93
178;813
38;169
55;321
58;393
35;25
148;982
79;212
125;689
39;255
2;982
167;137
8;878
122;297
108;440
127;358
111;28
56;347
77;868
187;848
65;719
55;842
81;585
172;275
173;462
161;894
30;396
100;495
84;337
109;460
68;373
105;505
3;433
88;93
23;272
110;565
146;927
70;774
63;896
99;350
66;461
40;15
70;348
141;626
20;694
106;765
55;619
200;475
58;653
185;273
152;348
86;64
127;57
48;968
166;115
79;638
63;319
22;681
191;999
139;329
121;765
60;417
81;414
181;460
45;22
13;152
193;46
69;483
56;194
2;322
82;589
45;76
56;204
28;412
177;164
78;905
6;996
86;112
34;536
46;186
18;422
5;837
128;338
127;270
51;488
152;227
16;768
176;900
176;240
138;911
120;180
169;632
173;705
179;923
115;859
110;388
87;83
152;258
151;551
177;316
152;147
84;619
191;566
121;633
55;996
92;371
17;937
26;463
150;15
150;769
122;60
135;26
102;218
125;540
9;414
52;833
143;149
139;136
174;158
38;286
49;938
137;993
16;498
86;671
30;800
14;596
52;482
31;754
160;646
30;622
23;925
139;161
108;868
69;662
90;339
73;414
94;663
25;491
185;913
134;953
5;820
150;903
139;25
102;794
110;954
192;838
55;793
102;427
121;860
188;808
45;934
40;375
74;330
95;123
174;7
174;951
139;806
58;320
33;20
141;973
70;617
72;802
159;857
30;416
72;172
119;235
5;562
71;512
113;449
117;502
73;382
49;540
63;79
110;559
155;848
183;931
58;310
107;16
99;331
28;41
37;876
189;16
66;719
155;120
38;860
129;112
7;583
53;43
175;18
189;602
81;466
85;776
11;159
104;479
103;875
189;432
15;761
46;322
62;32
128;469
79;5
90;823
4;398
110;660
55;938
12;947
136;802
167;800
78;353
200;575
37;796
80;76
111;666
179;996
88;660
140;842
30;808
125;648
160;225
38;940
197;837
52;367
87;703
65;803
9;583
3;533
47;446
199;106
153;141
39;720
108;711
93;22
64;987
156;926
134;232
158;641
93;709
165;392
146;218
165;635
152;996
1;407
36;396
81;469
102;861
59;595
81;976
6;225
193;886
200;231
95;548
1;593
16;435
100;502
49;523
50;327
176;810
50;778
48;356
122;759
166;656
173;66
78;60
12;582
118;909
40;910
94;833
171;588
68;646
149;490
190;216
160;294
24;547
73;399
69;517
50;941
7;60
51;826
88;927
133;554
134;66
89;555
95;527
13;82
109;171
42;503
66;718
125;164
19;625
77;244
179;898
111;491
96;938
195;46
188;544
69;809
27;903
54;904
20;205
1;446
53;923
23;843
32;594
86;373
138;936
121;221
130;570
107;425
182;102
178;466
14;207
74;685
30;349
190;695
133;470
156;230
76;802
190;702
141;680
116;320
39;24
106;307
162;889
42;244
135;905
10;332
43;321
50;310
8;168
180;579
88;255
18;335
107;457
199;924
176;31
17;487
138;494
52;879
89;593
7;94
196;416
188;417
51;183
39;751
72;176
140;304
56;933
63;920
10;110
40;965
179;604
87;738
22;912
174;971
29;112
34;387
188;754
199;990
29;216
99;143
77;75
94;131
192;730
70;916
180;520
42;797
94;562
43;150
20;186
69;527
161;234
29;470
114;893
2;230
88;884
57;408
158;582
100;715
52;954
77;657
152;452
174;842
120;117
94;89
107;811
95;293
84;845
117;502
180;292
43;638
37;850
129;523
70;479
179;171
121;307
83;202
138;703
196;817
155;345
194;637
130;973
73;321
180;615
36;647
86;452
98;570
13;138
170;848
79;660
19;410
2;496
46;833
156;36
97;427
131;393
153;816
89;457
161;783
10;383
126;621
172;589
106;842
19;985
196;508
119;796
61;400
44;840
188;578
62;443
133;122
165;102
160;495
168;595
13;482
37;620
84;602
16;787
87;450
173;811
191;49
22;506
137;155
109;536
186;587
115;560
60;722
52;80
184;142
168;989
158;384
80;231
169;611
36;793
105;746
169;168
56;510
94;124
51;429
86;712
183;908
192;963
75;203
144;476
53;325
129;874
72;625
13;450
33;585
180;28
102;530
66;920
13;824
152;456
115;608
167;990
39;203
9;54
60;531
117;553
72;337
155;545
107;462
72;485
73;724
31;413
150;604
193;197
113;639
62;259
145;122
181;951
105;663
60;416
125;873
38;828
176;788
183;894
184;638
29;611
22;341
119;226
37;585
153;825
37;469
60;414
170;371
151;976
139;629
96;818
143;818
16;265
64;996
6;962
187;977
110;673
199;548
139;73
12;530
129;43
56;562
187;176
76;585
64;192
152;58
82;429
1;417
192;443
45;813
113;380
17;929
49;412
63;309
196;576
130;285
21;776
125;666
114;938
182;973
152;978
47;608
190;615
78;32
58;408
24;128
198;260
109;498
181;802
104;614
163;681
181;827
166;578
160;433
155;698
118;192
38;479
117;142
61;670
16;292
108;619
3;291
136;82
12;70
127;757
161;611
62;125
23;707
101;793
31;668
156;91
91;82
85;988
71;812
138;527
102;922
173;612
109;254
31;626
157;123
19;963
193;857
32;565
188;994
81;732
4;114
46;974
77;377
49;63
193;557
62;593
179;85
60;849
10;330
34;156
113;686
156;684
16;980
152;245
124;853
45;41
148;24
49;902
182;517
190;342
83;899
148;607
20;67
108;997
10;786
121;941
17;11
115;734
66;140
49;338
190;169
170;743
118;721
170;766
79;670
80;320
143;875
72;352
131;793
73;588
159;186
29;310
25;249
139;313
199;751
180;787
157;736
29;917
3;853
71;73
98;27
84;832
88;290
139;177
4;181
62;245
42;649
191;611
169;885
196;163
10;80
56;793
90;48
72;540
11;194
54;492
177;147
21;217
27;854
39;6
122;858
78;731
147;626
159;715
118;359
84;412
174;623
124;597
39;917
62;213
14;73
165;702
84;595
103;572
177;946
87;401
161;565
164;124
62;171
47;813
49;164
107;985
50;927
164;496
17;727
124;792
43;220
77;769
145;472
26;826
108;675
198;72
179;820
170;962
48;190
59;35
107;336
64;729
169;57
45;200
41;788
118;770
94;937
111;503
117;416
4;426
111;807
126;213
118;565
175;154
45;167
152;102
172;51
172;407
37;405
4;289
63;713
87;47
97;358
101;115
129;805
43;340
11;122
116;9
117;370
87;236
166;126
142;241
119;660
173;7
139;55
176;605
99;201
78;686
50;736
87;838
196;190
39;874
2;333
176;14
87;12
193;908
168;492
136;720
77;327
104;842
51;839
185;561
21;625
184;780
145;459
78;986
165;883
36;268
171;109
64;269
149;261
191;915
163;929
196;536
12;83
83;121
4;800
52;463
157;303
155;326
191;7
168;646
42;979
66;261
106;668
165;884
13;292
103;168
165;981
75;553
145;103
113;965
137;204
182;862
18;627
96;677
2;370
150;975
44;651
43;776
147;55
139;581
180;676
165;214
92;191
128;293
53;920
195;337
74;968
106;299
174;604
2;845
72;806
72;127
23;241
135;394
131;917
181;505
163;268
167;875
4;980
197;376
192;819
191;649
103;238
13;311
86;695
